职位名称,部门,工作地点,工作性质,经验,学历,薪资,专业要求,招聘人数,职位诱惑,岗位介绍,公司名称,公司行业,公司性质,融资阶段,公司规模,公司主页,发布日期,发布网站,原始URL
VIP运营专员,NULL,长沙-开福区,全职,1-3年经验,大专,3000-5000 ,NULL,1,"五险一金,朝九晚五,旅游",职位描述                        工作职责：1、唯品会日常事务对接及协调；2、唯品会运营规划及执行跟进3、具有较强的沟通能力，能协调各部门工作，做好对内和对外的沟通保证唯品会合作顺利进行；?4、在活动结束后对活动进行分析与总结；?5、需按时整理、提交各档期活动提交的素材。?6、配合领导完成其他工作。?岗位要求：?1、有电子商务行业经验，有唯品会或者天猫等平台化妆品行业相关工作经验者优先考虑；?2、工作积极主动，思路清晰有条理、善于沟通，责任心强，执行力强；?3、具有一定的数据分析和总结能力；?4、熟练操作office等办公软件，熟练运用Excel（公式运用）；5、了解掌握唯品会等平台的规则，熟练运用Excel表格（公式运用），协助制作各档期相关文件。,长沙婕骏日用品贸易有限公司,"贸易,进出口",民营,NULL,20-99人,NULL,12/29/17,直聘网,http://www.zhipin.cn/jobs/994
财务专员,NULL,赤峰-NULL,全职,1-3年经验,本科,3000-5000 ,财务管理、会计、经济管理等相关专业,3,"五险一金,包食宿,有年假",职位描述                        一、岗位职责：1、依据本部门年度工作计划拟定本岗位工作计划，并分解实施；2、结合国家现金管理规定参与现金管理制度制定并在工作中严格执行；3、负责现金日记账核对及每天清点，确保账实相符；4、根据华润医药财务管理要求完成资金系统数据维护；5、负责原始单据审核，杜绝不合理、不合规支付；6、负责完成银行存款日记账与银行账户核对并编制银行余额调节表；7、负责销售、回款的统计反馈并定期进行应收账款清理；8、负责销售发票开具、电子报税及税款缴纳业务办理；9、负责工资的审核与发放。二、任职要求：1、学历要求：本科以上学历，财务管理、会计、经济管理等相关专业；2、能力要求：了解和熟悉财务管理、金融管理、税收政策法规、经济法等方面专业知识；3、其他要求：熟练操作Office 办公软件应用，熟练应用 Excel 、PPT、ERP管理系统；三、其他说明：1、缴纳五险一金，提供免费食宿；2、年龄：35岁以下，男性优先；3、工作地点：赤峰市（敖汉旗、巴林左旗）。,内蒙古东阿黑毛驴牧业有限公司,"农业,渔业,林业,牧业",国企,NULL,100-499人,NULL,12/29/17,直聘网,http://www.zhipin.cn/jobs/877
供应商开发,NULL,深圳-南山区,全职,5-10年经验,大专,20000以上 ,NULL,2,"双休,五险一金,全勤奖",职位描述                        岗位说明：1、根据公司项目定位，制定招商方案并组织实施，2、负责制定各阶段招商策略和计划，布置和安排各项工作的开展；3、重点品牌商及新品牌商的拓展工作；4、独立负责品牌客户导入的谈判、控价工作，商务合约谈判任职要求：1、5年以上品牌商管理工作经验，2、主导过大型品牌的招商谈判工作；3、具备合伙人心态，需要能独当一面，带领部门打造属于自己团队的硕果；4、熟悉各类目品牌的甄选和供应商的管理；5、具备较丰富的品牌资源，具有丰富的商品知识并熟悉行业资讯；6、具备较强的计划、组织、沟通能力，优秀的项目协调及谈判能力，良好的沟通协调与数据分析能力,深圳前海浩方科技有限公司,"互联网,电子商务",民营,NULL,500-999人,http://www.hofan.cn,12/26/17,直聘网,http://www.zhipin.cn/jobs/839
行政,NULL,济南-NULL,全职,NULL,大专,3000-5000 ,NULL,3,"五险一金,朝九晚五,有年假",职位描述                        1、协助公司行政制度在区域的推行2、每天统计销售人员的入场工作内容，分配客户资源3、负责销售人员的考勤、工装、体检、福利等工作，为确保各项行政数据的准确性，及时统计、制作、提交行政相关报表,山东蓝创汽车服务有限公司,"汽车,摩托车,零配件",上市公司,已上市,1000-9999人,http://www.lanchuangjituan.com/,12/29/17,直聘网,http://www.zhipin.cn/jobs/821
CS渠道经理（湖南湖北）,NULL,长沙-开福区,全职,5-10年经验,大专,5000-10000 ,具有市场营销、经济管理类相关专业,1,"五险一金,交通方便,有年假",职位描述                        岗位职责：1、负责公司产品在CS渠道的拓展规划、终端动销，能强有力的将计划转变成结果；2、根据渠道特征及需求主导产品线规划及单品卖点策划；3、设置销售目标、销售模式、销售战略、销售预算和奖励计划；4、建立和管理销售队伍，规范销售流程，完成销售目标；5、分析渠道的市场潜力、销售数据和费用，测算盈亏情况；6、关注于维护和提高产品品牌市场竞争力，分析市场动态，撰写分析报告。任职资格：1、具有市场营销、经济管理类相关专业，大专或本科以上学历；2、3年以上相关行业经历，1年以上产品销售和渠道管理经验，精通化妆品国内市场营销策划，熟悉国内化妆品渠道操作；3、优秀的团队建设经验，团队管理能力强，善于协调营销团队的工作；4、有敏锐的市场意识、应变能力、优秀的谈判能力、领导能力和独立开拓市场的能力，学习能力强；逻辑性强和良好的语言表达能力；5、具有强烈的进取心，精力充沛，身体健康，乐观豁达，为人勤恳诚信，富有开拓精神；6、能够适应出差。?薪资待遇：1、综合薪资6K―10K，工资构成：底薪+岗位津贴+绩效工资+提成+高温/防寒补贴+工龄工资等；2、福利：五险+季度福利品+节假日福利+集体旅游+年终奖金++带薪年假+带薪病假，出差期间食宿费用报销。工作时间：上午9:00-12:00，下午13:30-17:30大小休,长沙婕骏日用品贸易有限公司,"贸易,进出口",民营,NULL,20-99人,NULL,12/29/17,直聘网,http://www.zhipin.cn/jobs/997
出纳,NULL,北京-朝阳区,全职,1-3年经验,大专,5000-10000 ,NULL,1,NULL,职位描述                        职能描述：1.负责公司日常的费用报销；2、配合处理电商的对账、核销等事宜；3、负责销售数据的统计与核算，配合完成各部门的独立核算。4、每月配合处理行政采购及资产管理等事宜；5、完成其他临时交办工作岗位要求：1.专科毕业，1年以上相关工作经验，有互联网行业经验为优；2.熟悉日常财务工作流程，具有良好的职业道德，有一定程度抗压能力、踏实肯干、责任心强，有团队合作精神，熟悉国家财务政策、会计法规。3..熟悉电商业务结算制度和流程，有互联网或电商企业从业经验优先录用。,时尚星（北京）文化传媒有限公司,"互联网,电子商务",民营,NULL,20-99人,NULL,12/18/17,直聘网,http://www.zhipin.cn/jobs/629
运营总监/高级经理,NULL,北京-朝阳区,全职,5-10年经验,本科,20000以上 ,NULL,1,"环境好,双休,五险一金",职位描述                        岗位职责：1、熟悉互联网运营思路和模式，根据公司目标制定运营计划，负责运营团队的日常管理工作；2、基于对用户和产品的了解，针对不同类型用户设计有效激励机制，维护活跃用户，激活沉默用户，提高用户活跃度和黏着度，收集用户在产品功能、使用习惯等方面的意见及建议，提出建设性意见；3、监控网站、APP运营数据，将相关数据汇总、分析，为运营决策提供数据支持；?任职要求：1、大学本科或以上学历，5年以上互联网金融运营工作经验，至少2年以上团队管理经验；2、熟悉互联网金融及地产的规划及运营规则，具有敏锐的市场洞察力、应变能力；3、思维活跃，逻辑严谨，文笔优秀，具有良好的沟通、协调、组织、执行能力，团队管理能力强。,北京亿平方科技有限公司,"金融,投资,证券",民营,NULL,20-99人,http://www.yipingfang.com/,12/29/17,直聘网,http://www.zhipin.cn/jobs/954
市场总监/高级经理,NULL,北京-朝阳区,全职,5-10年经验,本科,20000以上 ,经济学、市场营销、金融、新闻传播、房地产专业,1,"环境好,双休,五险一金",职位描述                        岗位职责：1、制定公司市场策略和品牌推广策略，负责公司网站、APP的品牌宣传和市场营销工作；2、熟悉各种互联网营销推广工具，提高APP下载量和注册量；3、组织并策划各类市场营销活动方案，编制及提交营销活动的可行性报告和总结性报告；4、通过数据分析，优化推广渠道、提升推广效果；5、负责产品的市场调研和用户分析，制定相应营销方案。任职要求：1、大学本科或以上学历，经济学、市场营销、金融、新闻传播、房地产专业优先；2、5年以上互联网行业营销推广经验，至少2年以上团队管理经验，有金融或房产类网站工作经验尤佳；3、具有敏锐的市场洞察力、应变能力，良好的文字功底；4、思维活跃，逻辑严谨，具有良好的沟通、协调、组织、执行能力，团队管理能力强。,北京亿平方科技有限公司,"金融,投资,证券",民营,NULL,20-99人,http://www.yipingfang.com/,12/29/17,直聘网,http://www.zhipin.cn/jobs/955
人事专员,NULL,济南-NULL,全职,NULL,大专,3000-5000 ,NULL,3,"五险一金,朝九晚五,有年假",职位描述                        人力相关：1）开展招聘工作，并确保招聘完成率达到要求；2）根据公司流程，为员工办理入职、转岗、调职、离职及合同签署等人事手续；3）为确保员工信息资料的准确性，定期维护和检查员工档案材料的完整性；4）为确保各项人事数据的准确性，及时统计、制作、提交人事相关报表；,山东蓝创汽车服务有限公司,"汽车,摩托车,零配件",上市公司,已上市,1000-9999人,http://www.lanchuangjituan.com/,12/29/17,直聘网,http://www.zhipin.cn/jobs/819
活动策划,NULL,北京-朝阳区,全职,1-3年经验,大专,10000-15000 ,市场营销、广告、金融、房地产专业,1,"环境好,双休,五险一金",职位描述                        岗位职责：1、负责各类线上线下活动的方案策划和文案撰写，通过活动拉新、促活，提高用户粘性和投资额。2、负责活动过程跟踪跟进，协调解决各类问题，保证活动顺利完成；3、收集整理相关数据，评估活动效果并改进方案；4、能根据热点和节点策划线上活动，脑洞大。任职要求：1、大专以上学历，市场营销、广告、金融、房地产专业优先；2、对金融理财或者房地产投资人群有一定了解，有2年以上相关工作经验，熟悉市场推广、公关合作、活动策划、执行管理等工作，有成功案例。3、较强的语言组织能力和PPT排版能力，能独立完成策划方案、执行方案、活动所需各类文稿的编写及美化工作；4、踏实稳重，具有高度的责任心、良好的团队合作和沟通能力，应变能力强。,北京亿平方科技有限公司,"金融,投资,证券",民营,NULL,20-99人,http://www.yipingfang.com/,12/29/17,直聘网,http://www.zhipin.cn/jobs/958
市场数据分析师,NULL,北京-朝阳区,全职,1-3年经验,大专,5000-10000 ,数学、统计学、计算机、经济学、房地产专业,1,"环境好,双休,五险一金",职位描述                        职位描述：1、依托公司的数据平台，运用相关工具挖掘数据，进行相关的整理、分析、建模，并出具分析报告；2、进行相关业务的市场调研、行业研究、行业政策研究并形成报告；3、通过数据分析发现运营环节中的问题，提出改善及优化方案；4、保持对同业中竞品和客户业务相关产品的市场跟踪和数据分析并形成分析报告。任职要求：1、大专以上学历，数学、统计学、计算机、经济学、房地产专业优先；2、有2年以上数据分析、产品分析或业务分析经验，具备经济学理论基础知识，对房地产行业和投资行业有一定的认识和持续的关注；3、掌握一定数据统计及分析工具，对数字敏感，思维敏捷，具有良好的逻辑思维能力；4、踏实稳重，具有高度的责任心、良好的团队合作和沟通能力。,北京亿平方科技有限公司,"金融,投资,证券",民营,NULL,20-99人,http://www.yipingfang.com/,12/29/17,直聘网,http://www.zhipin.cn/jobs/953
电商运营（做五休二）,NULL,深圳-福田区,全职,1-3年经验,大专,5000-10000 ,电子商务、市场营销等相关专业,-1,"环境好,双休,管理规范",职位描述                        【岗位职责】1、负责公司淘宝、天猫商城、京东等线上电商平台的管理，以及线上推广、运营管理、活动策划等相关工作；2、负责制定各渠道年度、季度、月度运营推广计划并执行， 负责跟踪评估线上活动效果，推动团队业绩增长，完成业绩目标；3、分析统计运营数据，根据ROI、PV、流量、咨询率、转化率、推广效果等进行阶段性评估，发掘隐含问题，提出解决方案；4、根据公司经营策略及业务需求，设置部门组织架构及岗位目标，合理优化业务流程，对员工进行绩效管理和培训，提升部门工作效率；5、关注电子商务行业，收集市场信息，为电子商务总体战略制定提供相关依据。【任职资格】1、大专及以上学历，电子商务、市场营销等相关专业；2、3年以上电子商务行业同等职位工作经验，熟悉电子商务渠道整体运营推广、策划工作；3、擅于学习，有独立思维，有很强的自我驱动力；4、工作责任心强，良好的领导力和执行能力、沟通协调能力及团队合作精神。***160;,深圳市新视界实业有限公司,"医疗设备,器械",股份制企业,NULL,20人以内,NULL,12/26/17,直聘网,http://www.zhipin.cn/jobs/666
品质经理,NULL,乐山-NULL,全职,1-3年经验,大专,5000-10000 ,NULL,1,NULL,"职位描述                        岗位职责?1、负责公司产品和质量管理体系的标准化工作，建立并完善部门工作流程、管理制度、岗位职责说明书、工作标准等流程制度, 并组织培训和实施；?2、负责公司产品质量管理工作，提出质量目标，组织质量改善计划并实施；?3、负责产品质量客户抱怨和投诉跟进；?4、负责制定不合格品的判定、处置、分析，对纠正和预防措施跟踪验证办法；?5、负责进料、过程、出货检验工作有效开展；对公司的各种检验、判定基准及作业标准书有效运行负责；负责产品质量数据稳定提升；?6、主导评审供方的产品质量、卫生安全、和质量管理体系；?7、负责组织、迎接各级部门和所有外部审核，并确保顺利通过；?8、按体系要求规划、组织公司内部审核，确保体系的有效运行；?9、负责体系文件控制管理；?10、与相关政府职能部门保持联络，收集整理与食品安全有关的法律、法规及强制性标准，并建立清单，知会相关部门；?11、负责品质部日常事务管理，开展团队建设；12、上级领导交办的其它临时任务。?任职要求：?1、本科学历，质量管理或理工科专业，35岁以下，3年以上大型食品行业同等岗位工作经验，调味品行业优先；?2、熟悉企业产品质量管理模式、方法、流程，具有先进的质量管理理念；?3、熟悉ISO质量管理体系；?4、熟悉品质控制及绩效管理；?5、具有较强的综合管理能力，分析能力，组织能力，协调能力。6、有强烈的责任心",峨眉山万佛绿色食品有限公司,"消费品,食,饮,烟酒",民营,NULL,100-499人,NULL,12/26/17,直聘网,http://www.zhipin.cn/jobs/682
Node.js,NULL,北京-西城区,全职,3-5年经验,大专,20000以上 ,NULL,1,NULL,职位描述                        希望你：1、靠谱的研发能力和创业团队需要具备的责任心及主人翁精神 ?2、两年以上Node.js实际项目经验，了解Node.js的最佳实践，以及一年以上前端开发经验，拥有优秀的学习能力和工匠精神3、优秀的****基本功，熟悉ES64、熟悉MongoDB，理解REST理念5、具备大型网站服务器/数据库/部署/架构能力，有过2C网站搭建和部署经验更佳 ?6、关注ES6、Node社区，同时具有强烈的产品意识和分享精神,光合新知（北京）科技有限公司,"互联网,电子商务",民营,NULL,100-499人,NULL,12/18/17,直聘网,http://www.zhipin.cn/jobs/97
PHP开发工程师（互联网+）,NULL,广州-NULL,全职,1-3年经验,本科,10000-15000 , 计算机相关专业毕业，具备扎实的基础理论知识。有实际的针对微信接口编程经验，面试时需带上个人案例,-1,NULL,"职位描述                        岗位职责1. 负责公司产品线新产品研发与上线部署；2. 负责微信公众平台接口和数据管理开发工作；3. 负责微信二次开发应用产品的设计、实现、测试及功能维护；4. 负责公司软件项目交付岗位要求1. 计算机相关专业毕业，具备扎实的基础理论知识。有实际的针对微信接口编程经验，面试时需带上个人案例；2. 熟练掌握PHP语言, 熟练应用PHP+MySQL，熟悉LAMP或LNMP平台；3. 有较强的业务解析能力与分析能力，拥有良好的代码习惯，要求结构清晰，命名规范，逻辑性强，代码冗余率低；4. 具有MySQL索引优化、查询优化和存储优化经验、PHP缓存技术、静态化设计方面的经验；5. 熟悉MVC开发，至少精通一种MVC框架或者自己设计过一个MVC框架；熟练使用Thinkphp，YII，或任意一种框架。6. 具有高度的工作责任感、良好的工作态度、团队合作精神、良好的职业道德。",广东腾南网络信息科技有限公司,"互联网,电子商务",上市公司,已上市,10000人以上,NULL,12/18/17,直聘网,http://www.zhipin.cn/jobs/40
媒探客户经理,NULL,广州-NULL,全职,1-3年经验,本科,10000-15000 ,NULL,-1,NULL,职位描述                        岗位职责：1、关注互联网电商/房产/教育/旅游/金融/网服/快消行业动态，开拓新客户；2、负责腾讯大粤网媒探平台（自媒体广告分发）自媒体投放业务；3、准确挖掘或引导客户，能够理解客户的推广需求，与公司相关部门协作，向客户提供专业而全面的售前、售中及售后服务，保证客户需求顺利实现；4、完成上级制定的阶段性目标和年度销售目标。任职要求：1、1-2年互联网电商/房产/教育/旅游/金融/网服/快消广告行业销售经验；2、丰富的自媒体资源，有广告公司任职经历的优先；3、能独立完成客户方案，积极寻求让客户满意的策略，有成功管理客户的经验；4、出色的沟通能力，擅长分析和思考，对互联网/新媒体有浓厚的兴趣和涉猎；5、熟悉互联网推广的运作模式，具有专研性，广告数据具有敏感性。,广东腾南网络信息科技有限公司,"互联网,电子商务",上市公司,已上市,10000人以上,NULL,12/18/17,直聘网,http://www.zhipin.cn/jobs/41
中级java开发工程师,NULL,北京-朝阳区,全职,1-3年经验,本科,10000-15000 ,NULL,1,NULL,职位描述                        岗位职责：1、负责公司业务平台的设计，开发，维护及优化等工作；2、协助产品梳理业务需求，提供技术方案；任职资格：1、本科以上学历，至少3年以上工作经验，2年以上Java网站后端开发或维护经验；2、精通常用的开源框架Spring MVC、Mybatis3、熟悉Linux开发环境，精通数据库设计、SQL优化4、熟悉高并发、高可用系统的开发、设计5、熟悉常用的HTML JAVACRIPT CSS等前端开发技术6、有支付系统、互联网金融产品开发背景者优先。7、具备良好的团队合作精神、较好的沟通能力、高度的责任感，具有较强的抗压能力；,北京花果信息技术有限公司,"金融,投资,证券",民营,NULL,100-499人,NULL,12/18/17,直聘网,http://www.zhipin.cn/jobs/23
高级测试工程师,NULL,北京-朝阳区,全职,3-5年经验,本科,15000-20000 ,计算机或其他相关专业本科及以上学历,1,NULL,职位描述                        岗位职责:1、负责蚂蜂窝商城所有功能及性能测试包括但不限于：测试平台、测试工具的开发、单元测试、不同层面的自动化测试等。2、深入了解业务测试、功能测试的痛点，利用技术手段解决业务测试的痛点。3、负责测试团队的管理工作，推进测试团队技能提升。任职资格:1、计算机或其他相关专业本科及以上学历。2、熟练掌握web开发的流行技术，如js、jquery、html、css、php等。3、熟练使用Linux或Unix操作系统，会shell脚本的编写的优先。4、掌握My SQL等常用数据库系统的操作，能熟练编写SQL语句。5、较强的沟通、协调能力、分析问题和解决问题能力。,北京蚂蜂窝网络科技有限公司,"互联网,电子商务",民营,NULL,100-499人,http://www.mafengwo.cn,12/18/17,直聘网,http://www.zhipin.cn/jobs/100
自由行商务经理,NULL,北京-朝阳区,全职,1-3年经验,本科,10000-15000 ,NULL,1,NULL,职位描述                        岗位职责:1、基于对旅游目的地资源和产品的深刻理解，制定目的地产品布局和采购策略。2、根据公司已有产品和资源结合采购策略， 寻找、挖掘旅游资源商家，并促成合作。3、关注商家营销数据，基于对数据的分析，帮助商家在平台快速成长并不断提高业绩。4、管理供应商体系，做到资源优化调配，完成销售目标。任职资格:1、2年以上旅行产品商家采购工作经验，在线旅游行业优先考虑。2、对目的地核心产品有深刻理解，熟悉互联网商业模式和营销方式。3、具有敏锐的市场嗅觉和决策判断能力，具有整合营销和商务拓展能力。4、具有良好的沟通能力和沟通技巧，保持和商家的良性互动。,北京蚂蜂窝网络科技有限公司,"互联网,电子商务",民营,NULL,100-499人,http://www.mafengwo.cn,12/18/17,直聘网,http://www.zhipin.cn/jobs/103
储备干部,NULL,乐山-NULL,全职,NULL,本科,3000-5000 ,食品与科学相关专业,3,"有年假,晋升快,旅游",职位描述                        岗位职责：1、协助主管对生产情况进行数据分析、梳理归纳总结；2、协助主管对生产异常情况进行分析、及时处理、制定相应的措施；3、协助主管对生产相关制度、标准、程序文件进行起草、分类、归档任职资格：1、本科，食品与科学相关专业，可接受应届毕业生；2、能吃苦耐劳、适应性强、执行力高；3、熟练操作办公软件；4、语言表达能力良好，具备一定的文字功底。,峨眉山万佛绿色食品有限公司,"消费品,食,饮,烟酒",民营,NULL,100-499人,NULL,12/26/17,直聘网,http://www.zhipin.cn/jobs/673
高级产品经理,NULL,北京-西城区,全职,3-5年经验,大专,20000以上 ,NULL,1,NULL,职位描述                        我们希望你：1、有3-5年的工作经验，独立负责过多个产品项目，有比较成熟的项目管理能力。2、有良好的交互设计能力，有丰富的前端用户产品的设计经验。ps：我们团队没有专职ue，交互设计由产品和设计师共同完成。3、对教育有兴趣，有非常强的主动学习能力和意愿。4、喜欢互联网产品经理的工作，有良好的产品感觉，敏锐的数据sense5、符合以下任一条件都是重要加分项：1）有指导新人或带小型产品团队的相关经验，善于沟通。2）具备增值付费相关的产品项目经验，并且对这个方向有持续的兴趣和积累。3）具备社区运营/社交产品相关的项目经验，并且对这个方向有持续的兴趣和积累4）对游戏有非常浓厚的兴趣，或有游戏策略相关的经历。5）有良好的文案能力，或有广告营销行业背景。,光合新知（北京）科技有限公司,"互联网,电子商务",民营,NULL,100-499人,NULL,12/18/17,直聘网,http://www.zhipin.cn/jobs/95
技术总监,NULL,广州-萝岗区,全职,5-10年经验,本科,20000以上 ,NULL,1,NULL,"职位描述                        岗位要求：1、负责技术部门整体开发工作，运用领先开发技术，确保PC端，移动端，APP网站稳定；2、管理及培养技术团队，指导和解决研发人员遇到重点、难点技术问题，确保技术工作高效进行；3、负责部门技术规范制度的建立及执行管理，使开发工作更加规范，高效；4、带领团队按质按量完成PC端，移动端，APP开发任务。任职要求：1、本科以上学历；5年以上技术管理经验；2、拥有大型垂直网站（金融、IT，商旅等大数据网站）开发经验者优先；3、具备设计系统的架构、核心技术创新开发的能力，对互联网网站开发有深入理解；4、具备优秀的开发能力、判断能力和规划能力，具备平台架构意识，深具创业精神，能够在团队中培养技术人员。技术背景：1、 精通JAVA 语言，精通J2EE和Struts，Hibernate/ibatis，Spring等开源框架；2、 精通掌握1-2种主流移动互联技术、地理信息技术；3、精通OOA/OOD系统设计方法，熟练掌握UML设计工具，有良好文档编写习惯；4、 精通Tomcat、Weblogic、Websphere等中间件部署和架构；5、 精通MySQL、ORACLE、DB2等大型数据库管理和开发；6、 掌握 Solr、Lucene 、SOA、ESB、JQuery、JBPM、DWR、规则引擎等技术； ? ? ? ? ? ? ? ? ? ? ? ? ? ? ? ? ? ? ? ? ? ? ? ? ? ? ? ? ? ? ? ? ? ? ? ? ?7、了解android,ios开发技术。8、对信息存储、搜索、缓存机制、性能优化等有深刻的理解；符合以下条件之一优先考虑：- 精通图片搜索，最好有代表性工作成果；- 精通系统架构设计，有Amazon CloudSearch或类似产品的系统架构经验；- 精通GBDT、LR 等分类器或尝试过LTR排序的试验最好。",广州卡宝宝互联网金融信息服务股份有限公司,"金融,投资,证券",上市公司,已上市,100-499人,NULL,12/18/17,直聘网,http://www.zhipin.cn/jobs/94
运营专员,NULL,北京-朝阳区,全职,1-3年经验,大专,5000-10000 ,中文、市场营销、房地产专业,1,"环境好,双休,五险一金",职位描述                        岗位职责：1、负责网站图文资料的撰写、上传，确保信息的完整与正确，熟悉房地产尤佳；2、负责运营产品的维护与改进；3、负责运营数据的整理、分析；4、上级交办的其他工作。任职要求：1、大专以上学历，中文、市场营销、房地产专业优先；2、对房地产市场有一定了解，有1年以上房地类网站或电商类网站工作经验；3、工作思维清晰，有较强的文案写作能力和语言表达能力；4、踏实稳重，具有高度的责任心、良好的团队合作和沟通能力。,北京亿平方科技有限公司,"金融,投资,证券",民营,NULL,20-99人,http://www.yipingfang.com/,12/29/17,直聘网,http://www.zhipin.cn/jobs/959
塑胶模具CNC操作工,NULL,重庆-荣昌区,全职,1-3年经验,高中,3000-5000 ,NULL,2,"管理规范,全勤奖,有补助",职位描述                        岗位职责要求：1、熟练使用三菱及法兰克控制面板加工中心机床操作：2、根据CAM编程数据及工件图纸加工出合格的工件。3、根据刀具性能合理的选择参数达到加工工件合格及保护刀具。4、对设备进行点检保养及环境5S整理。5、对机台性能非常了解异常发生时及时处理。6、能用控制面板编制一些简单的程式。就程式路径合理化问题给CAM工程任职资格：1、从事CNC加工2年以上，熟悉CNC编程代码，能解决加工中出现的一些问题。2、对加工中心的刀具使用非常熟悉，刀具性能及使用参数。3、认真按照CNC操作流程作业，质量检验标准，刀具管制流程，不合格异常及时处理。4、自检每个加工部件质量，发现异常及时处理。5、沟通能力强、团队协作能力加，做事踏实勤恳。,重庆联荣智能模具股份有限公司,其他行业,股份制企业,NULL,20-99人,NULL,12/26/17,直聘网,http://www.zhipin.cn/jobs/390
wed前台,NULL,天津-北辰区,全职,1-3年经验,本科,5000-10000 ,NULL,5,"双休,五险一金,朝九晚五",职位描述                        岗位要求： 1、负责网站的页面制作、实现网站用户交互的效果； 2、对UI设计的结果进行页面制作（DIV/CSS/css3+xhtml/html5+JS）； 3、基于HTML5.0标准进行页面制作，编写可复用的用户界面组件； 4、配合程序进行代码的调试、bug修复、浏览器兼容性调优； 5、参与部分页面的策划创新工作； 任职要求： 1、两年以上网站前端设计、开发制作经验； 2、精通XHTML/HTML5/CSS3，能编写符合W3C标准、兼容主流浏览器的代码； 3、精通Ajax、Json及****等数据交换格式； 4、精通XHTML /HTML5/CSS3，能编写符合W3C标准、兼容主流浏览器的代码；,泰华宏业（天津）机器人技术研究院有限责任公司,"互联网,电子商务",民营,NULL,20-99人,NULL,12/26/17,直聘网,http://www.zhipin.cn/jobs/687
产品经理,NULL,广州-萝岗区,全职,1-3年经验,大专,10000-15000 ,NULL,1,NULL,职位描述                        岗位职责：1. 负责研究用户行为习惯，把握用户的各层次需求，研究市场同类产品，收集、整理各方需求；2. 负责产品规划、业务流程设计、功能设计、交互设计、产品优化等工作；3. 撰写用户需求说明书、产品业务规范等，利用相关产品设计工具完成原型设计；4. 负责相关产品开发项目周期和进度把控，确保对产品开发至最终上线运营，对进度质量负责；5. 负责跨部门协调和沟通，推动界面、开发、测试、运维、运营等人员紧密合作达成产品目标；6. 跟踪分析产品上线后的运营数据，定期进行数据分析，评估、优化用户体验和功能。任职要求：1. 大专及以上学历，具备2年以上互联网产品经理经验；2. 熟悉PRD文档编写，Visio、AXURE、PS等等常规工具软件；3. 对技术研发、网站运营环节有了解；4. 有互联网金融门户业务平台、金融财经门户网站产品设计开发经验优先；5. 协调沟通能力强，在进行产品策划过程中，能指导或配合同事保质保量共同完成策划项目；6. 深具创业精神，工作主动，热情，易于相处，善于合作。,广州卡宝宝互联网金融信息服务股份有限公司,"金融,投资,证券",上市公司,已上市,100-499人,NULL,12/18/17,直聘网,http://www.zhipin.cn/jobs/93
市场总监（必须金融行业经验）,NULL,广州-萝岗区,全职,5-10年经验,本科,20000以上 ,营销、金融、财务、经济专业,1,NULL,职位描述                        岗位职责：1、带领团队开拓贷款、银行和理财机构及其业务经理，建立渠道合作，提高公司平台影响力和知名度；2、制订贷款、理财业务等营销策略并推进执行，确保完成公司销售目标； ? ? ? ? ? ? ? ? ? ? ? ? ? ? ? ? ?3、维护现有贷款、理财业务渠道资源及合作关系；4、进行市场需求调研，分析互联网金融行业发展趋势，为公司业务模式和产品改进提供决策建议；5、负责团队管理和人员培训。任职资格：1、本科以上学历，营销、金融、财务、经济专业或相关工作经历；2、5年以上金融相关行业销售管理经验，其中3年以上同等经历；3、精通贷款行业或银行运作模式；4、出色的营销培训能力、谈判能力、协调沟通能力、数据分析能力和抗压能力；5、掌握市场营销知识、广告策划传播知识、财务统计管理知识以及企业管理知识；6、有银行工作、互联网金融行业工作经验优先。薪资结构：底薪+提成+团队奖金+年终奖金（表现优秀者会有股权），年薪可达数十万。,广州卡宝宝互联网金融信息服务股份有限公司,"金融,投资,证券",上市公司,已上市,100-499人,NULL,12/18/17,直聘网,http://www.zhipin.cn/jobs/90
中级JAVA开发工程师,NULL,广州-萝岗区,全职,1-3年经验,大专,15000-20000 ,NULL,1,NULL,"职位描述                        工作职责1. 负责卡宝宝互联网金融平台网站的PC以及移动端的技术开发和维护，进行程序设计和编码实现，确保安全、质量和性能；2. 参与相关产品需求讨论与产品系统架构的设计优化工作，与团队一起解决大数据量,高并发,高可靠性等各种技术问题,不断挑战技术难题；3. 根据开发规范编写各种开发文档及项目文档。岗位要求1.2年以上互联网行业JAVA项目开发经验；2.熟悉Linux系统、分布式服务框架（Thrift、Dubbo或Finagle等）、分布式技术（包括缓存、消息系统、热部署、JMX等）、底层中间件；3.对服务端业务模块的敏捷设计、迭代重构、安全性、开放API、负载均衡、服务调度、容错处理、MySQL集群、搜索、缓存、高并发等方面有一定理解。",广州卡宝宝互联网金融信息服务股份有限公司,"金融,投资,证券",上市公司,已上市,100-499人,NULL,12/18/17,直聘网,http://www.zhipin.cn/jobs/91
行政教务,NULL,佛山-NULL,全职,1-3年经验,本科,3000-5000 ,文秘、行政管理等相关专业,1,"交通方便,管理规范,压力小",职位描述                        岗位职责：1、负责校区各种日常活动的后勤管理，参与各种推广性活动；2、负责编排各班级课程进度表，统计课时，对各种教务数据进行统计和分析；3、负责与家长保持沟通，积极收集家长反馈的意见建议，向校长提出相应的整改措施，提高学生满意度；4、负责监督教师出勤情况；5、完成校长、领导交付的其他工作。任职要求：1、文秘、行政管理等相关专业，具有幼教经验或教育营销经验者优先；2、工作咨询认真，责任心强，为人正直； 3、热爱教育培训工作，职业操守好，确保学校机密信息不外泄；4、熟练使用各种办公软件，具有较好的沟通协调能力和客户服务意识。,广东乐慈坊健康管理有限公司,"教育,培训",民营,NULL,20-99人,NULL,12/18/17,直聘网,http://www.zhipin.cn/jobs/240
未来中心产品经理,NULL,北京-朝阳区,全职,3-5年经验,本科,20000以上 ,NULL,1,NULL,职位描述                        工作职责：1、负责互联网保险产品平台规划，挖掘用户需要的新产品；2、持续进行用户需求分析，整理并撰写产品需求、完成产品原型设计；3、协同公司内部各部门之间的协作，推动新产品上线；4、关注平台的用户体验，结合数据持续优化产品流程，提升用户满意度及转化率；5、了解竞品动态，制定所负责产品的发展规划和阶段性目标。任职要求：1、全日制本科及以上学历，2年以上互联网产品策划经验，熟悉移动端产品的特性；2、良好的产品分析逻辑和产品设计思路；能从数据分析中发现产品问题或商业机会；3、具备与多团队协作沟通能力，组织内积极推动和问题解决能力；4、有电商网站经验者优先、熟悉保险领域者优先。,阳光保险集团股份有限公司,"金融,银行,保险",其它,NULL,1000-9999人,NULL,12/18/17,直聘网,http://www.zhipin.cn/jobs/53
仓管,NULL,广州-番禺区,全职,1-3年经验,高中,3000-5000 ,NULL,1,"加班费,包食宿,全勤奖",职位描述                        岗位职责1、负责仓库日常物资的验收、入库、码放、保管、盘点、对账等工作；2、负责仓库日常物资的拣选、复核；3、负责保持仓内货品和环境的清洁、整齐和卫生工作；4、信息系统数据的录入、填写和传递，相关单证、报表的整理和归档；5、定期与仓库核对数据并实地盘点。任职资格1、中专及以上学历；2、两年以上相关工作经验，有五金厂仓库管理经验者优先考虑；3、熟悉仓库物料管理流程；4、会做仓库流SK帐；5、有组织盘点的能力。,广州市御品阳篷有限公司,"家具,家电,工艺品,玩具",民营,NULL,20-99人,NULL,12/18/17,直聘网,http://www.zhipin.cn/jobs/571
wed后台,NULL,天津-北辰区,全职,1-3年经验,本科,5000-10000 ,计算机、数学相关专业,3,"双休,五险一金,朝九晚五",职位描述                        岗位要求：1、负责公司项目产品的开发和维护；2、参与项目需求调研、分析、方案设计讨论等过程；3、进行文档编写及项目实施等工作；任职要求：1、本科及以上学历，计算机、数学相关专业；2、两年以上.net或JAVA平台开发经验，思维逻辑严谨，具备良好的文档书写能力；3、熟练SQL语言，掌握SQL Server或mongodb数据库的使用；4、能够独立完成功能模块开发；5、责任心强，正直诚实，值得信赖；6、具备良好的团队协作能力；7、能适应短期出差工作；,泰华宏业（天津）机器人技术研究院有限责任公司,"互联网,电子商务",民营,NULL,20-99人,NULL,12/26/17,直聘网,http://www.zhipin.cn/jobs/689
Erlang工程师,NULL,上海-杨浦区,全职,3-5年经验,本科,15000-20000 ,NULL,-1,NULL,职位描述                        岗位：Erlang发工程师基本要求：全日制本科研究生毕业生一本大学理工科；北京上海放宽至二本大学理工科，英语阅读能力强，平时已经有使用英语查询搜索引擎的习惯。（否则无法胜任当前的学习和工作）工作地点：上海／北京。其他要求：录用者愿意接受公司的背景调查。岗位技术要求：1、计算机相关专业，本科以上学历；2、至少三年以上的Erlang使用经验，精通Erlang函数型编程方法，精通网络和并发编程、分布式编程；3、具有手机客户端消息推送项目经验，1年以上核心开发经验；4、熟悉RabbitMQ消息推送及集群搭建优先。加分。5、良好的沟通能力与团队协作能力，高度的工作责任心和敬业精神；?6、编写服务器端总体设计文档，实现关键框架代码；7、负责服务器端架构设计、模块划分；8、（主程）主导制定和指导执行服务器端开发流程和标准，对服务器端软件开发质量负全责；9、对于技术难题负责组织攻关，撰写技术报告。10、担任后端业务和算法开发工程师角色，解决百万／千万用户的数据处理。11、全栈加分，Erlang / Elixir (非2017年公司使用开发语言) ／Java (非2017年公司项目使用开发语言)／ NodeJS(非2017年公司项目使用开发语言) ／其他项目入职基本必备能力：1、Erlang相关用书，随机题考试。面试者需要掌握至少90%的知识点。2、熟练掌握英文阅读，完成阅读Erlang的相关技术文档。3、通过给定的项目要求，完成面试的程序开发。（根据项目难度，1-2小时）SOW：1、使用CONFLUENCE进行项目文档管理。先完成详细设计文档，沟通技术细节后，再进行开发。2、使用JIRA进行项目管理。3、初级技术岗／所有级别管理岗，每日提交工作日志，准点考勤。薪酬待遇：1、团队项目绩效2、免费饮料3、顶尖五星级装修的办公环境（上海杨浦区，政学路77号一层）；北京：海淀区创业大街2号楼36KR。,上海云势网络科技有限公司,"计算机软件,硬件",民营,NULL,20-99人,NULL,12/18/17,直聘网,http://www.zhipin.cn/jobs/44
JAVA软件工程师,NULL,广州-番禺区,全职,3-5年经验,本科,10000-15000 ,计算机软件相关专业,1,NULL,职位描述                        岗位职责：1、负责所属模块的代码开发、调试与维护工作；2、协助并完成其他各类技术开发任务。任职资格：1、计算机软件相关专业，本科及以上学历，3年以上的互联网项目开发经验；2、精通Java语言，熟悉软件开发流程，熟悉Spring、Maven、Git等开发相关技术，有分布式服务项目开发经验优先；3、对数据库的优化有一定的理解，有NOSQL数据库经验者优先；4、良好的规范编程习惯和开发文档编写能力；5、能够独立完成分配的任务，工作踏实认真、责任心强，善于钻研，有团队合作精神；,广州市万表科技股份有限公司,"互联网,电子商务",民营,NULL,100-499人,NULL,12/18/17,直聘网,http://www.zhipin.cn/jobs/5
Java中级开发工程师,NULL,深圳-南山区,全职,1-3年经验,大专,10000-15000 ,NULL,-1,NULL,"职位描述                        岗位职责：1、负责并参与游戏后台架构设计、系统设计、部署设计、核心模块研发；2、负责服务器端逻辑系统的设计及开发；3、负责并参与线上游戏维护、bug修复以及监控服务器的健康情况；4、负责并参与游戏数据分析、管理后台、客服工具的设计与开发；5、保证代码质量与运行效率，具备项目代码调优、优化的能力。职位要求：1、两年以上Java游戏后台开发经验,至少拥有一款完整游戏上线项目经验；2、精通Java服务器编程，有较强的逻辑思维能力；3、熟练掌握socket通信、RMI、多线程、netty或mina等框架；4、熟悉Linux平台及服务器端开发；熟悉MYSQL数据库、redis等的使用、配置及优化；?5、诚实正直、善于沟通，有责任感，具备出色的学习能力和创新能力。",深圳掌悦网络科技有限公司,网络游戏,民营,NULL,100-499人,NULL,12/18/17,直聘网,http://www.zhipin.cn/jobs/46
互联网+政务规划专家,NULL,广州-NULL,全职,5-10年经验,本科,20000以上 ,NULL,1,NULL,职位描述                        工作职责：1. 对政府行业的信息化现状展开调研与梳理；2. 根据政府的愿景及需求编制政务云、大数据类解决方案；3. 推动建设政务数据与社会数据的融合分析；4. 协同政府开展政务大数据的应用宣传，推广和展示；5. 根据日常工作了解的行业信息，从业务及技术角度对大数据产品的发展方向提出建议。岗位要求：1. 本科以上学历，5年以上相关行业工作经验；2. 熟悉云计算和大数据领域相关产品，掌握其基本功能和特点；3. 政务行业经验丰富，能够独立进行客户需求和分析，根据客户的需求制定有针对性的解决方案；4. 熟悉政务云、大数据行业，能够清晰描述此行业的业务现状和信息化发展现状；5. 具备良好的沟通能力，具有较强的组织协调能力和学习能力,广东腾南网络信息科技有限公司,"互联网,电子商务",上市公司,已上市,10000人以上,NULL,12/18/17,直聘网,http://www.zhipin.cn/jobs/43
ios开发工程师,NULL,杭州-余杭区,全职,1-3年经验,大专,5000-10000 ,NULL,1,NULL,职位描述                        岗位职责：1、负责从事互联网产品APP的开发；2、负责与UI设计师，后台工程师一起负责产出高质量的产品APP；3、根据开发过程中的体验对产品提出改进建议并执行；任职要求：1、1年以上iOS平台开发工作经验；2、有扎实的C/C++基础，熟练掌握****ive-C语言，了解应用基本算法/数据结构，了解基础设计模式；3、熟悉iOS SDK开发环境及相关开发工具；4、熟练产出兼容于目前各机型iPhone的APP；5、工作热情、积极，易于沟通，能迅速融入团队，有一定抗压能力；加分项：1、了解或者熟悉至少一种服务端开发语言(如PHP/Python/Java/.Net)；2、对金融与投资有浓厚兴趣，有金融产品项目开发经验；3、正在维护技术Blog或开源项目、Github（请附链接）；,杭州政信金服互联网科技有限公司,"互联网,电子商务",民营,NULL,20-99人,http://www.zhengxinjinfu.com；,12/21/17,直聘网,http://www.zhipin.cn/jobs/526
企业服务项目助理,NULL,深圳-南山区,全职,NULL,大专,3000-5000 ,NULL,1,"环境好,年终奖,双休",职位描述                        （一）岗位职责：1、深入了解企业需求，提供科技规划、信息咨询、政策指引等信息服务。 2、利用多渠道挖掘和拓展企业资源，并管理和维护与企业间的良好关系。3、协助开展企业数据库平台开发建设与信息维护工作。4、完成上级交办的其它工作。（二）任职要求：1、大专以上学历，不限工作经验。2、自我要求严格，个人目标感和求知欲强，执行力，抗压能力强。3、口头表达能力强，具有较强的沟通能力及交际技巧，具有亲和力。4、具备一定的市场分析及判断能力，良好的客户服务意识。5、有责任心，能承受较大的工作压力。6、有团队协作精神，善于接受挑战。,深圳市众创空间协会,"非盈利机构,行业协会",其它,NULL,20人以内,http://www.szpis.cn,12/18/17,直聘网,http://www.zhipin.cn/jobs/492
Android开发工程师,NULL,杭州-余杭区,全职,1-3年经验,大专,5000-10000 ,NULL,1,NULL,职位描述                        岗位职责：1、负责从事互联网产品APP的开发；2、负责与UI设计师，后台工程师一起负责产出高质量的产品APP；3、根据开发过程中的体验对产品提出改进建议并执行；任职要求：1、1年以上Android平台开发工作经验；2、有扎实的Java语言基础，熟练掌握Android开发，了解应用基本算法/数据结构，了解基础设计模式；3、熟悉Android SDK开发环境及相关开发工具；4、熟练产出兼容于目前各主流机型适配的APP；5、工作热情、积极，易于沟通，能迅速融入团队，有一定抗压能力；加分项：1、了解或者熟悉至少一种服务端开发语言(如PHP/Python/Java/.Net)；2、对金融与投资有浓厚兴趣，有金融产品项目开发经验；3、正在维护技术Blog或开源项目、Github（请附链接）；,杭州政信金服互联网科技有限公司,"互联网,电子商务",民营,NULL,20-99人,http://www.zhengxinjinfu.com；,12/21/17,直聘网,http://www.zhipin.cn/jobs/525
JAVA开发工程师,NULL,武汉-东湖新技术开发区,全职,1-3年经验,大专,5000-10000 ,计算机相关专业,3,"年终奖,双休,朝九晚五","职位描述                        岗位职责：1、依据产品需求，负责技术编码、调试、单元测试。2、参与系统架构讨论，编写相关的技术方案与文档。3、维护和升级项目软件产品，快速定位并修复现有软件缺陷任职要求：1、大专及以上学历，计算机相关专业，1年以上实际项目开发经验；2、java基础扎实，熟练掌握java web开发技术；3、深入理解MVC架构模式，熟悉spring等开源框架；4、熟悉SQLSERVER数据库,了解的MySQL、Oracle数据库5、积极、主动、敬业，对开发有浓厚兴趣、有良好的自学能力和沟通能力；",武汉道秀达科技有限公司,"计算机软件,硬件",民营,NULL,20人以内,NULL,12/18/17,直聘网,http://www.zhipin.cn/jobs/623
结构工程师,NULL,深圳-宝安区,全职,3-5年经验,大专,5000-10000 ,NULL,1,"五险一金,包食宿,旅游",职位描述                        1.三年以上玩具结构PE工程师经验。2、负责跟进EP-PS产品送样，测试，问题改良，数据报告整理。3、能积极主动跟进解决生产异常，编制发放工程文件资料，略懂绘图软件。,深圳市阳日电子有限公司,"电子,半导体,集成电路",外商独资,NULL,100-499人,http://www.zego.com.hk/cn/contact.html,12/18/17,直聘网,http://www.zhipin.cn/jobs/108
php后台开发工程师,NULL,广州-天河区,全职,1-3年经验,本科,10000-15000 ,计算机及其相关专业,1,NULL,"职位描述                        岗位职责：1、负责公司各类App门户网站（含移动端），管理后台，客户端接口的研发及其优化；?2、整理编写研发过程中产生的规范文档和接口文档等 ；3、完成相关项目需求。任职要求：1、本科及其以上学历，计算机及其相关专业优先；?2、有2年以上php为主的互联网产品软件开发维护的工作经验；?3、熟悉mysql，redis, memcached， 且对数据库基本理论和实现机制有一定的认识理解；?4、熟悉LNMP开发，有门户网站开发开发经验优先；?5、具有独立承担项目开发工作的能力，具有较强的责任心，主动沟通分享，有强烈的求知欲和上进心。",火烈鸟网络（广州）股份有限公司,"计算机软件,硬件",股份制企业,NULL,100-499人,NULL,12/18/17,直聘网,http://www.zhipin.cn/jobs/6
未来中心架构师,NULL,北京-朝阳区,全职,5-10年经验,本科,20000以上 ,NULL,1,NULL,"职位描述                        工作职责：1、主导产品的软件架构，保证架构设计能够满足产品的功能需求、性能需求、可靠性需求、可维护性需求和可扩展性需求；2、负责带领团队对服务端的架构调研、设计和开发；3、制定技术文档和开发规范，并对开发过程进行持续改进；4、对团队开发人员进行代码质量审核、技术指导和监督,解决技术难题。?任职资格：1、5年以上项目开发经验；2、熟练使用struts2、Spring、MyBatis、Hibernate、redis等框架和常用开源组件；3、熟悉Html、****、CSS等基础技术，能熟练使用常用的前端开源框架和组件；4、能独立进行项目的数据库设计，熟练掌握Oracle plsql；5、熟悉高并发、高可靠性系统的设计、监控和运维，如负载均衡系统、集群和应用监控、系统容量评估、流量控制、性能优化、故障排查、日志收集和分析等6、有完整的项目架构设计经验或掌握完整的项目架构设计者优先。",阳光保险集团股份有限公司,"金融,银行,保险",其它,NULL,1000-9999人,NULL,12/18/17,直聘网,http://www.zhipin.cn/jobs/52
PHP开发工程师,NULL,广州-海珠区,全职,1-3年经验,大专,5000-10000 ,NULL,1,NULL,职位描述                        岗位职责：1、参与电子商务网站及各子系统的需求分析、架构设计，以及具体的开发、维护。2、注重用户体验，提出产品及系统改进意见，保证产品研发工作的质量和进度。3、对现有技术框架进行优化，扩展。对新技术敏感，根据需要预演新的技术，并实应用到项目中。任职要求：1、1年以上以PHP为主的互联网产品软件的开发及维护工作经验。2、熟悉Laravel，掌握常用框架（CI、Laravel、ThinkPHP、ECShop），以上框架均应用于公司现有系统。3、熟悉LAMP/LNMP开发，能编写基本的Shell脚本优先。4、熟悉Html、CSS、****，熟练掌握jquery，熟悉vue优先，熟悉前端工程化优先，熟悉node.js优先。5、熟悉mysql，有数据库设计经验，了解数据库调优。6、有微信公众号或小程序开发经验者优先。7、熟悉git，了解多人协作流程。8、有开源项目经验优先，请附上github个人主页。,广州志能信息科技有限公司,"互联网,电子商务",民营,NULL,20-99人,NULL,12/18/17,直聘网,http://www.zhipin.cn/jobs/12
营销策划,NULL,广州-天河区,全职,1-3年经验,大专,5000-10000 ,NULL,1,NULL,职位描述                        岗位职责： ??1、 负责公司互联网品牌―e互助平台日常线上营销活动的策划工作。2、 配合公关及品牌的推进，在市场层面针对推广渠道进行营销项目的包装与执行。3、 配合渠道推广及会员管理中心进行项目策划。4、 统筹活动执行周期与成本控制，营销活动的项目管理及结果优化。5、 负责分析及优化营销数据，对各项漏斗转化率提出优化建议并执行。任职资格：1、大专以上学历，市场营销、公共关系、新闻学等相关专业2、有公关、广告、营销咨询公司从业背景，有4A广告从业经验优先。3、熟悉全传播、iWom，IMC整合营销推广方案的全案策划。4、熟悉互联网行业及H5、微信服务号、订阅号等营销管理工具，有3年以上市场策划及文案工作经验者优先。5、有成功策划案例者优先。,泛华金融控股集团,"金融,投资,证券",上市公司,已上市,500-999人,NULL,12/18/17,直聘网,http://www.zhipin.cn/jobs/11
流量运营高级经理,NULL,广州-天河区,全职,3-5年经验,本科,15000-20000 ,NULL,1,NULL,"职位描述                        岗位职责：1、根据品牌定位与用户研究，结合流量和运营数据分析，定位精准的流量渠道；2、制定流量运营目标与策略，针对不同流量，实现对流量入口的有效布局，并有效分解与下达；3、针对SEM/网盟广告/DSP/RTB广告等不同类型广告消耗方式做策略配置，达到自有流量价值的最大化；4、网络口碑维护，主要包含SEO站内外优化，站外相应平台/频道/论坛维护，并制定有效KPI；5、负责自有产品APP的ASO、竞价推广和流量采买，推动下载, 安装, 激活, 付费等关键业务指标；6、BD合作，包含精准流量的置换倒入，友链建设等，通过资源互换等合作方式为公司带来收益及促进新用户的转化；7、通过数据分析调整市场投放策略并提供分析结果与报告。任职要求：1、本科及以上学历；2、3年以上互联网流量运营工作经验，有大型互联网公司相关工作经验优先；3、SEM优化/SEO优化/APP付费推广/ASO/流量数据分析；4、逻辑性强，对数据敏感，有较强的数据分析能力；5、熟悉互联网运营工作，尤其是流量运营经验，有实际操作网络推广与优化经验，具备相对完善的战略与目标设定能力，有一定团队管理经验。",火烈鸟网络（广州）股份有限公司,"计算机软件,硬件",股份制企业,NULL,100-499人,NULL,12/18/17,直聘网,http://www.zhipin.cn/jobs/7
游戏运营专员,NULL,广州-天河区,全职,1-3年经验,本科,5000-10000 ,NULL,1,NULL,职位描述                        岗位职责：1、负责游戏的维护和日常管理工作（网站、官微、公众账号、SNS平台等）、活动策划与执行，及运营数据分析；2、负责游戏线上/线下运营活动的创意、内容策划、活动效果分析与优化；3、游戏产品宣传文案与资源梳理，为市场、渠道提供支持；4、负责游戏运营的日常监控，收集并跟进用户反馈，持续提供研发及运营改善。任职要求：1、热爱游戏，对各类手机游戏有浓厚兴趣，游戏资深玩家优先；2、做事认真，重视工作执行细节；3、有较强的责任心和学习、总结能力；4、对数据敏感，有较强的逻辑思维能力和问题分析能力；5、有1年以上互联网运营工作经验或优秀重点大学应届毕业生优先。,火烈鸟网络（广州）股份有限公司,"计算机软件,硬件",股份制企业,NULL,100-499人,NULL,12/18/17,直聘网,http://www.zhipin.cn/jobs/8
行政前台,NULL,佛山-NULL,全职,1-3年经验,大专,3000-5000 ,具有幼师专业,1,"管理规范,晋升快,压力小",职位描述                        岗位职责：1、协助教务完成校区各种日常活动的后勤管理，参与各种推广性活动；2、协助编排各班级课程进度表，统计课时，对各种教务数据进行统计和分析；3、walk in客户和来访客户的接待，安排安排课室、会议室等行政工作；4、完成校长、领导交付的其他工作。任职要求：1、有亲和力、形象佳，具有幼师专业毕业及幼教经验或教育营销经验者优先；2、工作咨询认真，责任心强，为人正直；  3、热爱教育培训工作，职业操守好，确保学校机密信息不外泄；4、熟练使用各种办公软件，具有较好的沟通协调能力和客户服务意识。,广东乐慈坊健康管理有限公司,"教育,培训",民营,NULL,20-99人,NULL,12/18/17,直聘网,http://www.zhipin.cn/jobs/241
PHP开发工程师,NULL,杭州-余杭区,全职,1-3年经验,大专,5000-10000 ,NULL,1,"双休,朝九晚五,旅游",职位描述                        岗位职责：1、负责从事互联网产品后端技术开发工作；2、在大数据量下保证平台服务的稳定性及正确性；任职要求：1、1年以上开发经验，熟练掌握PHP开发，扎实的代码功底，熟练掌握一种PHP开发框架；2、熟悉git代码管理流程；3、熟悉Linux，熟悉Nginx、MySQL、PHP等软件的部署和配置优化；4、熟练使用Linux（CentOS/Ubuntu）， 能在Linux/Mac环境下工作；5、有至少一个上线项目开发经历，有线上故障运维调试经验；6、具有良好的设计和抽象能力，能够清晰的完成从业务需求到模块拆解的设计过程，并选择合适的技术方案；7、工作热情、积极，易于沟通，能迅速融入团队，有一定抗压能力；加分项：1、能够使用HTML、CSS、****、ajax、jQuery等技术进行Web前端开发的全栈；2、有大流量高并发项目开发、规划经验；3、对分布式文件存储、NoSQL、消息队列、Redis缓存等相关技术有深入研究，并有实际的使用经验；4、对金融与投资有浓厚兴趣，有金融产品项目开发经验；5、正在维护技术Blog或开源项目、Github（请附链接）；,杭州政信金服互联网科技有限公司,"互联网,电子商务",民营,NULL,20-99人,http://www.zhengxinjinfu.com；,12/18/17,直聘网,http://www.zhipin.cn/jobs/527
安卓开发工程师,NULL,天津-北辰区,全职,1-3年经验,本科,5000-10000 ,NULL,6,"双休,五险一金,朝九晚五","职位描述                        岗位要求：1.配合产品人员完成需求分析, 并编写相应的需求文档；2.具备规范的软件设计能力, 针对需求能够独立完成软件的结构设计, 接口设计；3.配合UI设计人员完成软件的界面设计工作；4.负责Android平台的应用软件开发；进行各种品牌手机机型的适配；5.能够根据软件的功能定义以及各模快的设计, 设计并完成各级测试；6.改善软件的易用性，提升用户使用体验；任职要求：1.2年以上相关工作经验；对终端产品的UI/UE有独到的见解与认识，追求良好的用户体验；2.精通java，熟悉面向对象的程序设计；.熟悉android，2年 android app开发经验，熟练掌握界面和交互开发；3.熟悉Json及****数据结构及数据解析；熟悉多线程，内存管理， ****解析；",泰华宏业（天津）机器人技术研究院有限责任公司,"互联网,电子商务",民营,NULL,20-99人,NULL,12/26/17,直聘网,http://www.zhipin.cn/jobs/691
雪球保险产品运营经理,NULL,北京-朝阳区,全职,3-5年经验,本科,10000-15000 ,NULL,1,NULL,职位描述                        岗位职责：1.负责雪球保险产品的运营推广。2.负责雪球保险微信服务号以及雪球保险雪球官方账号的日常运营工作，增加粉丝数，提升粉丝活跃度；3.策划并制定以上渠道的线上活动方案及原创内容的策划与编辑工作；4.挖掘和分析以上渠道端的用户需求，收集用户反馈，分析用户行为及制定合理的用户运营策略；5.负责提升市场推广渠道服务质量；6.负责与合作方的商务沟通；?任职要求：1.本科及以上学历，有金融保险类产品运营经验者优先，雪球用户优先；2.喜欢并乐于接受新鲜事物，头脑灵活，具备良好的数据分析能力、语言及文字表达能力；3.注重团队合作，善于沟通，富有创意，有非常好的服务精神，备良好的数据分析能力、语言及文字表达能力、跨团队协作能力；4.文字表达能力强，勤劳肯干，能承担较大工作压力。,北京雪球信息科技有限公司,"金融,投资,证券",民营,NULL,100-499人,NULL,12/18/17,直聘网,http://www.zhipin.cn/jobs/15
Android 软件工程师,NULL,深圳-宝安区,全职,3-5年经验,本科,10000-15000 ,NULL,1,"环境好,有提成,有年假",职位描述                        1、本科以上学历，至少有两年或两年以上Android实际开发经验；2、精通Java语言，熟练掌握常用开发框架以及常用技术，有C++经验的尤佳；；3、熟悉TCP/IP原理，熟练掌握网络编程、多进程、多线程及进程间通信等技术；4、熟悉常用的数据结构，算法以及数据库技术；5、具有JSP或PHP等网页开发经验的优先考虑；,深圳市安全家科技有限公司,"批发,零售",民营,NULL,20-99人,NULL,12/26/17,直聘网,http://www.zhipin.cn/jobs/719
仓管4000包食宿,NULL,深圳-南山区,全职,NULL,高中,3000-5000 ,NULL,2,"五险一金,包食宿,管理规范",职位描述                        岗位职责：1、执行物资管理中与仓库有关的SOP，确保仓库作业顺利进行2、、负责仓库日常物资的验收、入库、码放、保管、盘点、对账等工作。3、负责保持仓内货品和环境的清洁、整齐和卫生工作。4、仓库数据的统计、存档、帐务和系统数据的输入。5、熟悉仓库进出货操作流程，具备物资保管专业知识和技能6、熟悉电脑办公软件操作。任职资格：1、45岁以下男性，身体健康。2、有相关工作经验1年以上。3、做事有条理，责任心强，积极耐劳，能承受一定的工作压力。薪资待遇：3000-5000。员工福利：含有免费培训，包食宿，购买五险一金，月休6天，享受法定节假日。,深圳市仕莱国际公寓管理有限公司,"酒店,旅游",民营,NULL,100-499人,NULL,12/29/17,直聘网,http://www.zhipin.cn/jobs/707
电商运营经理,NULL,成都-NULL,全职,1-3年经验,本科,5000-10000 ,市场营销、电子商务相关专业,1,"有年假,晋升快,旅游",职位描述                        工作职责：?1、负责电商的运营、招商、推广等，研究制定符合线上运营业务的发展规划；?2、掌握电子商务销售信息，根据市场动向和发展趋势，及时调整经营思路；?3、负责电商运营团队规划、管理、培训、梯队建设等，推动企业文化及各项工作开展；?4、分析电子商务销售情况，达成销售指标及各项产品管控指标；?5、根据公司整体营销策略和目标，制定完善的电商营销策略和销售政策，并策划各类电商活动。?任职资格：?1、本科或以上学历，市场营销、电子商务相关专业；?2、具有5年以上营销管理经验，其中3年以上同类职位团队管理经验；?3、具有互联网电商营销经验，熟悉快消品行业经营管理模式优先；?4、具有领导力、营销推广能力、结果导向、创新能力、抗压能力；?5、具有较强的团队管理能力、业务推进能力、逻辑思维能力、数据分析能力。,峨眉山万佛绿色食品有限公司,"消费品,食,饮,烟酒",民营,NULL,100-499人,NULL,12/26/17,直聘网,http://www.zhipin.cn/jobs/700
高级Java开发工程师,NULL,北京-朝阳区,全职,3-5年经验,本科,20000以上 ," 大学本科以上计算机, 通信相关专业；",1,NULL,"职位描述                        工作职责:?1. 参与项目设计, 开发, 技术难点攻关?2. 监督和指导初级程序员的工作, 保证项目质量?3. 记录开发文档；?4. 其他技术相关工作任务?职位要求:1. 大学本科以上计算机, 通信相关专业；?2. 4年以上相关工作经验, 全程参与至少一个完整项目的开发?3. 良好的技术基础, 精通Java, HTML, SQL?4. 熟练使用Maven, Spring, MyBatis, Freemarker?5. 熟悉CSS, ****, 有调试修改的经验?6. 熟悉主流数据库，Oracal或MySQL, 有调优经验?7、具备良好的沟通能力, 团队合作能力，有责任心?加分项:1. 熟悉微信公众号开发?2. 熟悉支付相关业务的技术实现?3. 线上项目中使用过dubbo框架",北京花果信息技术有限公司,"金融,投资,证券",民营,NULL,100-499人,NULL,12/18/17,直聘网,http://www.zhipin.cn/jobs/24
Linux C/C++软件工程师,NULL,深圳-宝安区,全职,3-5年经验,大专,10000-15000 ,计算机软件相关专业,1,"环境好,有提成,有年假",职位描述                        任职资格：1、计算机软件相关专业，本科以上学历（专科学历优秀者亦可考虑）；2、精通C、C++语言；掌握数据结构，常用算法；具有2年以上Linux C/C++项目开发经验；3、至少熟悉一种以上的以C语言为主的单片机编程；（熟悉stm32的，优先考虑）；4、熟悉TCP/IP原理，熟练掌握网络编程、多进程、多线程及进程间通信等技术；5、熟悉ubuntu或其他Linux系统环境，熟练使用shell脚本语言；6、熟悉云计算架构，虚拟化技术，掌握云终端连接协议的优先考虑；7、具有良好的学习能力和团队协作精神，能够吃苦耐劳，做事严谨，对工作认真负责.,深圳市安全家科技有限公司,"批发,零售",民营,NULL,20-99人,NULL,12/26/17,直聘网,http://www.zhipin.cn/jobs/718
数据运营,NULL,北京-海淀区,全职,3-5年经验,本科,10000-15000 ,社会学、经济学、统计学等和数据分析高度相关专业,1,NULL,"职位描述                        一、岗位职责1. 搭建业务指标体系，并进行指标分解，为业务决策提供支持2. 监察数据指标，设计指标预警方案，给出业务建议3. 构建用户分析体系，包含用户行为分析，用户画像分析等4. 结合业务需求，前瞻性规划数据分析体系，对数据分析团队的短期和长期产出负责5.与业务定期沟通，了解业务痛点，挖掘可输出的数据和产品结合点二、任职要求1. 本科以上学历，社会学、经济学、统计学等和数据分析高度相关专业,211,985优先。2. 具有2年以上数据分析工作经验，有互联网工作经验者优先。3.具有业务Sense&产品Sense，有业务抽象能力&领域建模能力。4. 具备优秀的信息整合和分析能力，能够形成清晰的业务观点和前瞻判断5.熟练掌握SQL。熟悉R语言或者python语言，能熟练掌握其一者优先。6.熟悉常用机器学习算法，如逻辑回归/贝叶斯网络/决策树/随机森林/GBDT/支持向量机/深度神经网络等，对于特征工程、算法选择和调优、测试评估有实战经验者优先；7. 具有开拓精神，乐于面对挑战，负责敬业",银客金融信息服务（北京）有限公司,"金融,投资,证券",民营,NULL,500-999人,NULL,12/18/17,直聘网,http://www.zhipin.cn/jobs/25
视觉设计师/UI设计师,NULL,北京-朝阳区,全职,3-5年经验,本科,10000-15000 ,NULL,1,NULL,职位描述                        岗位职责：1、负责业务线视觉设计工作 ；2、和团队一起构思与创意，灵活提供视觉解决方案 ；3、关注功能点数据变化，及时调整 ；4、关注分析流行设计趋势， 研究目标用户审美倾向并持续优化；任职资格： ? ? ? ? ?1、你的理想需要是做一名设计师而不是美工，动脑的时间比动手的时间长；2、敏锐判断视觉设计的可行性并推动设计产出有效落地，善于发挥视觉创意和表现力；3、了解视觉设计的系统性知识，能够巧妙运用视觉要素，系统地考虑视觉的统一性；4、我们不在意你拥有一个粗犷的外表，但要有一颗细致的内心 ，能够有耐心反复推敲自己的设计，持续优化；5、设计，美术相关专业本科以上学历优先；,北京花果信息技术有限公司,"金融,投资,证券",民营,NULL,100-499人,NULL,12/18/17,直聘网,http://www.zhipin.cn/jobs/20
嵌入式软件工程师（3D打印方向）,NULL,天津-北辰区,全职,1-3年经验,本科,5000-10000 ,自动化、电子技术及相关专业,2,"双休,五险一金,朝九晚五",职位描述                        岗位要求：1、负责3D打印机控制系统软件的开发、维护工作；2、负责产品升级、新产品开发相关的软件编程工作；?任职要求：1、自动化、电子技术及相关专业，国家统招正规大学本科及以上学历；2、英语良好，能阅读理解英文数据手册；3、精通常用的stm32单片机，能熟练上手；熟悉编程调试过程，?? C语言程序编写规范，注释完整，编程思路清晰。4、精通C/C++等编程语言，熟悉ARM，有STM32编程开发经验者优先，对?? 数控系统有一定的了解。,泰华宏业（天津）机器人技术研究院有限责任公司,"互联网,电子商务",民营,NULL,20-99人,NULL,12/26/17,直聘网,http://www.zhipin.cn/jobs/697
嵌入式硬件工程师,NULL,天津-北辰区,全职,1-3年经验,本科,5000-10000 ,电子、机电、自动化等相关专业,3,"双休,五险一金,朝九晚五",职位描述                        岗位要求：1.负责3D打印机硬件开发、包括器件选型、原理图设计，PCB设计、打样、调试等工作，并对相关设计质量负责；2.编写技术文档和标准化资料，包括产品电路原理图，BOM，PCB板图等；3.负责BOM编写和建立维护、物料确认；4.对接电路板生产，跟进物料。5.负责及时指导、处理、协调和解决测试、打样、试产及量产等过程中出现的技术问题，保证生产经营工作的正常进行，确保研发及生产计划的按时完成。任职要求：1.本科以上学历，电子、机电、自动化等相关专业；2.英语良好，能阅读理解英文数据手册；3.能够独立设计模拟、数字电路，熟悉并设计过STM32等系MCU者优先；4.熟练使用Altium Designer等软件，能独立完成高速电路的设计；5.具有电路板焊接及调试经验，熟练使用相关测试仪器；,泰华宏业（天津）机器人技术研究院有限责任公司,"互联网,电子商务",民营,NULL,20-99人,NULL,12/26/17,直聘网,http://www.zhipin.cn/jobs/698
【东芝研发中心】研究部部长,NULL,北京-朝阳区,全职,5-10年经验,博士,20000以上 ,计算机或相关专业,1,NULL,"职位描述                        职位描述：语音和自然语言技术方面的研发管理与产品化，密切跟踪技术潮流、分析研究前沿技术，与日本和英国的实验室合作制定中长期的研发计划，管理并且参与研究课题、产品竞标、国际比赛、论文发表、专利提案等，管理研究部的人事和预算，协同技术策划部、开发部的活动，参与高校产学研活动， 完成东芝语音和语言技术的中文本地化，整合本地的学术研究和开发资源，把技术转化成适合本地用户习惯的产品和服务，为东芝集团创造利润和声誉。职位要求：精通C/C++或其它编程语言，熟悉Linux平台，对数据结构和算法设计有较为深刻的理解，拥有优秀的分析问题和解决问题的能力，对解决具有挑战性问题充满激情。具有良好的沟通能力，和良好的团队合作精神，有语音技术相关经验者优先。熟悉以下技术者优先：HTK系统，语音识别解码算法，语音信号处理，对话系统，Kaldi、Caffee工具等；HTS系统, 语音生成器，韵律文本分析，大语料库拼接合成，HMM参数合成等；MOSES系统，分词与词性标注，parser，SMT，NMT，深度学习工具等。计算机或相关专业博士学位，工作经验五年或以上，有带领研发团队的经验，拥有互联网产品经验者优先。良好的外语沟通能力 （英语 和/或 日语）",东芝（中国）有限公司,"计算机系统,维修",上市公司,已上市,100-499人,NULL,12/18/17,直聘网,http://www.zhipin.cn/jobs/30
语音技术资深研究员,NULL,北京-朝阳区,全职,3-5年经验,硕士,20000以上 , ?信号与信息处理、模式识别与智能系统以及计算机等相关专业,1,NULL,"职位描述                        工作职责:1.研究与优化语音识别/合成性能2.大词汇量连续语音识别/合成系统的开发3.基于海量数据的模型训练及自适应算法研究（DNN,RNN,CNN,HMM）4.跟踪国内外最新的语音识别或语音合成相关的先进技术，提出改善现有引擎精度的新方法5.对语音团队进行管理，带领团队实现提出的目标职位要求:1. ?信号与信息处理、模式识别与智能系统以及计算机等相关专业，博士或硕士学历2. ?良好的 C/C++编程能力，熟悉perl 或者python 等脚本语言3. ?熟悉语音识别/模式识别/神经网络/信号处理等相关算法，了解语音识别的各模块关键技术4. ?良好的沟通和管理能力，有团队管理经验优先5. ?英语良好",东芝（中国）有限公司,"计算机系统,维修",上市公司,已上市,100-499人,NULL,12/18/17,直聘网,http://www.zhipin.cn/jobs/32
商务主管,NULL,北京-海淀区,全职,3-5年经验,本科,10000-15000 ,财务、法律专业者优先；2年以上商务经,1,NULL,"职位描述                        岗位职责：1.熟悉商务流程，负责乙方数据、征信公司渠道拓展、洽谈、采购；2.参与合同的谈判，负责合同签订流程，监督合同履行情况、及时处理合同执行过程中遇到的问题；3.负责部门对外业务项目合同、商务函的撰写，制作合同模板；4.负责合同等文件资料的归类、扫描、整理、建档和保管工作；5.完成部门领导交办的其他工作；任职要求：1.财务、法律专业者优先；2年以上商务经验2.有较强的学习能力和开拓力，性格开朗外向，沟通能力强，做事认真细致，有责任感和风险意识；3.沟通协调能力强，有良好的团队协作能力；4.良好的文案撰写功底，熟练掌握office办公软件，熟练使用PPT、EXCEL,具备较强的数据和报价整合分析能力。",银客金融信息服务（北京）有限公司,"金融,投资,证券",民营,NULL,500-999人,NULL,12/18/17,直聘网,http://www.zhipin.cn/jobs/27
SEO经理,NULL,上海-杨浦区,全职,3-5年经验,本科,10000-15000 ,计算机专业,1,NULL,职位描述                        1、全面负责公司网站和产品的SEO，能够根据公司战略发展要求，制定全面的搜索引擎优化策略，对SEO效果负责；2、建立网站SEO标准，把握SEO行业的方向，分析和总结竞争对手的SEO方法，并合理运用，不断提高网站优化水平；3、与产品、技术等部门协同工作按时保质保量完成SEO项目；4、对相关部门的内容、产品上线发布进行优化检查；5、完成上级交付的其它工作内容。任职要求：1、本科及以上学历，3年工作经验，计算机专业优先；2、负责内/外链的建设，能够快速高效的获得优质外链资源；3、熟悉网站ALEXA排名、提升排名的各种网站优化措施，如：了解搜索引擎优化、交换链接、网站检测等相关技术性推广的路径优化，页面优化，网站整体优化；4、SEO数据监控全面解读数据，精通google analytics等分析工具。,上海融之家金融信息服务有限公司,"金融,投资,证券",民营,NULL,100-499人,NULL,12/18/17,直聘网,http://www.zhipin.cn/jobs/34
机器学习/自然语言处理/机器翻译研究员,NULL,北京-朝阳区,全职,1-3年经验,硕士,20000以上 ,机器翻译，机器学习，数据挖掘及信息检索领域专业,-1,NULL,职位描述                        工作职责:研究与优化机器翻译性能职位要求:1. ?自然语言，机器翻译，机器学习，数据挖掘及信息检索领域专业或计算机相关毕业，硕士或博士生2. ?较强的C/C++ 编程和算法基础，有perl、python、shell 等脚本处理经验者更佳，熟悉linux 开发环境3. ?有机器翻译或NLP 相关技术背景或开发经验优先4. ?有除英语外的其他外语背景或相关开发经验优先5. ?具有较强的沟通交流能力，逻辑能力，能很好的理解项目需求6. ?有较强的分析问题和解决问题的能力，工作有激情，能承受压力7. ?具有较好的团队合作精神、沟通能力和较强的责任感8. ?优秀的应届毕业生也可考虑,东芝（中国）有限公司,"计算机系统,维修",上市公司,已上市,100-499人,NULL,12/18/17,直聘网,http://www.zhipin.cn/jobs/31
中级Java开发工程师,NULL,上海-杨浦区,全职,3-5年经验,本科,15000-20000 ,NULL,1,NULL,"职位描述                        岗位职责1.配合产品经理，对于需求变更能够准确评估影响，给出合理建议2.参与项目前期调研、后期测试和上线后的系统运维，提供优质的服务和优秀的工程质量3.持续优化，不断完善产品，善于发现问题解决问题任职资格1.专业要求：精通Java语言，熟悉常见框架Spring, Mybatis, Jersey, RabbitMQ，精通相关开发工具 Maven, Git, SoapUI, Eclipse；了解常用服务器Apache, Tomcat环境配置，掌握常见关系型数据库 Oracle,Mysql以及KVS存储技术Redis,Cassandra；熟练使用Linux/Unix平台及shell（bash/csh/shell/ tcsh）脚本；熟悉面向对向编程，能够熟练使用常见UML工具建模；熟悉自动化单元测试技术，测试驱 动模式和敏捷开发模式",上海融之家金融信息服务有限公司,"金融,投资,证券",民营,NULL,100-499人,NULL,12/18/17,直聘网,http://www.zhipin.cn/jobs/35
高级产品经理,NULL,上海-静安区,全职,1-3年经验,本科,15000-20000 ,计算机/数据统计专业,1,NULL,"职位描述                        工作职责：1、带领团队完成产品的调研、分析及设计，跟踪、分析、挖掘产品的客户需求,并能结合公司整体的业务策略进行需求评估；2、深入理解个性化推荐，根据业务现状和目标，持续优化推荐策略，促进核心数据增长；3、搭建用户体验行为分析跟踪机制，驱动体验优化；4、负责产品研发项目的实施和推进，持续对产品实施优化和升级，监控规划设计至测试发布的全过程；5、业务指标数据监控与分析，竞品体验监控与分析，提出产品迭代计划与推进落地，并对产品上线负责；6、与技术、设计、运营团队紧密配合，快速、高效推动产品设计、研发、运营及推广。职位要求：1、本科及以上学历，2年以上的移动产品行业工作经验，具备内容、社区、视频、移动端行业经验，计算机/数据统计专业优先，具备内容产品工作经验优先；2、熟悉互联网平台产品的开发流程，并曾经组织过产品设计、研发、推广及改进整个过程；3、对推荐算法有一定了解，具备优秀的数据分析能力；4、出色的语言、沟通、组织和协调能力，极强的问题解决能力，执行力强；5、对产品设计应有自己独立理解，并善于聆听用户、团队和合作伙伴的声音；6、热爱to C产品，对多媒体社区社交产品有深刻理解；7、熟练使用各类手机应用app， 熟练运用交互设计各种方法，对用户体验方面的理论有较深的了解和认识，对交互设计在产品设计前、中、后期的职责有一定的理解与实际应用经验；8、精通互联网产品和服务，对手机客户端的运营和推广有比较深刻的认识，掌握丰富的推广方法及客户资源。",上海如书文化传播有限公司,"计算机软件,硬件",民营,NULL,20-99人,NULL,12/18/17,直聘网,http://www.zhipin.cn/jobs/37
